-- phpMyAdmin SQL Dump
-- version 5.2.1
-- https://www.phpmyadmin.net/
--
-- Host: 127.0.0.1
-- Generation Time: Feb 19, 2024 at 09:05 AM
-- Server version: 10.4.32-MariaDB
-- PHP Version: 8.2.12

SET SQL_MODE = "NO_AUTO_VALUE_ON_ZERO";
START TRANSACTION;
SET time_zone = "+00:00";


/*!40101 SET @OLD_CHARACTER_SET_CLIENT=@@CHARACTER_SET_CLIENT */;
/*!40101 SET @OLD_CHARACTER_SET_RESULTS=@@CHARACTER_SET_RESULTS */;
/*!40101 SET @OLD_COLLATION_CONNECTION=@@COLLATION_CONNECTION */;
/*!40101 SET NAMES utf8mb4 */;

--
-- Database: `blaise_ndahayo_cas_lms`
--

-- --------------------------------------------------------

--
-- Table structure for table `admin`
--

CREATE TABLE `admin` (
  `fname` varchar(100) DEFAULT NULL,
  `lname` varchar(100) DEFAULT NULL,
  `phone` varchar(100) DEFAULT NULL,
  `gender` varchar(100) DEFAULT NULL,
  `martial_status` varchar(100) DEFAULT NULL,
  `DoB` varchar(100) DEFAULT NULL,
  `email` varchar(100) DEFAULT NULL,
  `password` varchar(100) DEFAULT NULL
) ENGINE=InnoDB DEFAULT CHARSET=utf8mb4 COLLATE=utf8mb4_general_ci;

--
-- Dumping data for table `admin`
--

INSERT INTO `admin` (`fname`, `lname`, `phone`, `gender`, `martial_status`, `DoB`, `email`, `password`) VALUES
('sisi', 'munyana', '0724567895', 'Female', 'divorced', '1990', 'munyasisi@gmail.com', 'cdcd'),
('erisa', 'peter', '07322333445', 'Male', 'maried', '1995', 'erisapeter@gmail.com', 'cdcd'),
('', '', '', 'Male', '', '1988', '', ''),
('hgf', 'kjuygf', '765456', 'Female', 'single', '1988', 'erty\"gmail.com', '33'),
('hgf', 'kjuygf', '765456', 'Female', 'single', '1988', 'erty\"gmail.com', '33'),
('Blaise', 'NDAHAYO', '0789654323', 'Male', 'SINGLE', '1988', 'dfghjfdrtyujhgvfgtyu', '1234567890'),
('Blesse', 'UWIMANA', '07891234788', 'Female', 'SINGLE', '2000', 'blesse2024@gmail.com', 'Blesse@'),
('blaise', 'meme', '0783938249', 'Male', 'single', '2005', 'blaisendahayo967@gmail.com', '1234567890'),
('', '', '', 'Male', '', '1988', '', '');

-- --------------------------------------------------------

--
-- Table structure for table `assignments`
--

CREATE TABLE `assignments` (
  `AssignmentID` int(11) NOT NULL,
  `CourseID` int(11) DEFAULT NULL,
  `AssignmentName` varchar(255) NOT NULL,
  `DueDate` date DEFAULT NULL
) ENGINE=InnoDB DEFAULT CHARSET=utf8mb4 COLLATE=utf8mb4_general_ci;

--
-- Dumping data for table `assignments`
--

INSERT INTO `assignments` (`AssignmentID`, `CourseID`, `AssignmentName`, `DueDate`) VALUES
(1, 1, 'projects of java', '2023-03-01'),
(2, 2, 'programming of c++', '2024-05-11'),
(3, 3, 'programming and database', '2022-05-11'),
(4, 3, 'maths', '2023-01-05');

-- --------------------------------------------------------

--
-- Table structure for table `courses`
--

CREATE TABLE `courses` (
  `CourseID` int(11) NOT NULL,
  `CourseName` varchar(255) NOT NULL,
  `Description` varchar(400) DEFAULT NULL,
  `InstructorID` int(11) DEFAULT NULL
) ENGINE=InnoDB DEFAULT CHARSET=utf8mb4 COLLATE=utf8mb4_general_ci;

--
-- Dumping data for table `courses`
--

INSERT INTO `courses` (`CourseID`, `CourseName`, `Description`, `InstructorID`) VALUES
(1, 'java', 'programming ', 1),
(2, 'economics', 'business lesson', 2),
(3, 'maths', 'calculating the number', 3);

-- --------------------------------------------------------

--
-- Table structure for table `enrollments`
--

CREATE TABLE `enrollments` (
  `EnrollmentID` int(11) NOT NULL,
  `student_id` int(11) DEFAULT NULL,
  `CourseID` int(11) DEFAULT NULL,
  `EnrollmentDate` date DEFAULT NULL
) ENGINE=InnoDB DEFAULT CHARSET=utf8mb4 COLLATE=utf8mb4_general_ci;

--
-- Dumping data for table `enrollments`
--

INSERT INTO `enrollments` (`EnrollmentID`, `student_id`, `CourseID`, `EnrollmentDate`) VALUES
(1, 2, 3, '2024-07-12'),
(2, 1, 2, '2023-06-11'),
(3, 3, 1, '2024-11-12'),
(4, 2, 1, '2024-12-11');

-- --------------------------------------------------------

--
-- Table structure for table `instructors`
--

CREATE TABLE `instructors` (
  `InstructorID` int(11) NOT NULL,
  `InstructorName` varchar(255) NOT NULL,
  `ContactInfo` varchar(255) DEFAULT NULL
) ENGINE=InnoDB DEFAULT CHARSET=utf8mb4 COLLATE=utf8mb4_general_ci;

--
-- Dumping data for table `instructors`
--

INSERT INTO `instructors` (`InstructorID`, `InstructorName`, `ContactInfo`) VALUES
(1, 'ruzinda', '0732445445'),
(2, 'erise', '0784566673'),
(3, 'tity', '079765321'),
(4, 'eric', '0798989898');

-- --------------------------------------------------------

--
-- Table structure for table `students`
--

CREATE TABLE `students` (
  `student_id` int(11) NOT NULL,
  `first_name` varchar(50) DEFAULT NULL,
  `last_name` varchar(50) DEFAULT NULL,
  `age` int(11) DEFAULT NULL,
  `email` varchar(100) DEFAULT NULL,
  `gender` varchar(34) DEFAULT NULL
) ENGINE=InnoDB DEFAULT CHARSET=utf8mb4 COLLATE=utf8mb4_general_ci;

--
-- Dumping data for table `students`
--

INSERT INTO `students` (`student_id`, `first_name`, `last_name`, `age`, `email`, `gender`) VALUES
(1, 'thierry', 'hirwa', 21, 'thiery@gmail.com', 'Male'),
(2, 'emmy', 'honore', 19, 'honemy@gmail.com', 'Male'),
(3, 'ishimwe', 'emme', 23, 'emmeishmw@gmail.com', 'Female'),
(6, 'thiry', 'hirwa', 21, 'thiry@gmail.com', 'Male');

-- --------------------------------------------------------

--
-- Table structure for table `submissions`
--

CREATE TABLE `submissions` (
  `SubmissionID` int(11) NOT NULL,
  `AssignmentID` int(11) DEFAULT NULL,
  `student_id` int(11) DEFAULT NULL,
  `SubmissionDate` date DEFAULT NULL,
  `FilePath` varchar(255) DEFAULT NULL
) ENGINE=InnoDB DEFAULT CHARSET=utf8mb4 COLLATE=utf8mb4_general_ci;

--
-- Dumping data for table `submissions`
--

INSERT INTO `submissions` (`SubmissionID`, `AssignmentID`, `student_id`, `SubmissionDate`, `FilePath`) VALUES
(1, 2, 1, '2024-09-11', 'Is fixed to submit'),
(2, 1, 3, '2024-04-01', 'Is fixed to submit'),
(3, 1, 2, '2023-04-06', 'mark\'s success');

--
-- Indexes for dumped tables
--

--
-- Indexes for table `assignments`
--
ALTER TABLE `assignments`
  ADD PRIMARY KEY (`AssignmentID`),
  ADD KEY `CourseID` (`CourseID`);

--
-- Indexes for table `courses`
--
ALTER TABLE `courses`
  ADD PRIMARY KEY (`CourseID`),
  ADD KEY `InstructorID` (`InstructorID`);

--
-- Indexes for table `enrollments`
--
ALTER TABLE `enrollments`
  ADD PRIMARY KEY (`EnrollmentID`),
  ADD KEY `student_id` (`student_id`),
  ADD KEY `CourseID` (`CourseID`);

--
-- Indexes for table `instructors`
--
ALTER TABLE `instructors`
  ADD PRIMARY KEY (`InstructorID`);

--
-- Indexes for table `students`
--
ALTER TABLE `students`
  ADD PRIMARY KEY (`student_id`);

--
-- Indexes for table `submissions`
--
ALTER TABLE `submissions`
  ADD PRIMARY KEY (`SubmissionID`),
  ADD KEY `AssignmentID` (`AssignmentID`),
  ADD KEY `student_id` (`student_id`);

--
-- AUTO_INCREMENT for dumped tables
--

--
-- AUTO_INCREMENT for table `assignments`
--
ALTER TABLE `assignments`
  MODIFY `AssignmentID` int(11) NOT NULL AUTO_INCREMENT, AUTO_INCREMENT=5;

--
-- AUTO_INCREMENT for table `courses`
--
ALTER TABLE `courses`
  MODIFY `CourseID` int(11) NOT NULL AUTO_INCREMENT, AUTO_INCREMENT=5;

--
-- AUTO_INCREMENT for table `enrollments`
--
ALTER TABLE `enrollments`
  MODIFY `EnrollmentID` int(11) NOT NULL AUTO_INCREMENT, AUTO_INCREMENT=5;

--
-- AUTO_INCREMENT for table `instructors`
--
ALTER TABLE `instructors`
  MODIFY `InstructorID` int(11) NOT NULL AUTO_INCREMENT, AUTO_INCREMENT=6;

--
-- AUTO_INCREMENT for table `students`
--
ALTER TABLE `students`
  MODIFY `student_id` int(11) NOT NULL AUTO_INCREMENT, AUTO_INCREMENT=7;

--
-- AUTO_INCREMENT for table `submissions`
--
ALTER TABLE `submissions`
  MODIFY `SubmissionID` int(11) NOT NULL AUTO_INCREMENT, AUTO_INCREMENT=5;

--
-- Constraints for dumped tables
--

--
-- Constraints for table `assignments`
--
ALTER TABLE `assignments`
  ADD CONSTRAINT `assignments_ibfk_1` FOREIGN KEY (`CourseID`) REFERENCES `courses` (`CourseID`);

--
-- Constraints for table `courses`
--
ALTER TABLE `courses`
  ADD CONSTRAINT `courses_ibfk_1` FOREIGN KEY (`InstructorID`) REFERENCES `instructors` (`InstructorID`);

--
-- Constraints for table `enrollments`
--
ALTER TABLE `enrollments`
  ADD CONSTRAINT `enrollments_ibfk_1` FOREIGN KEY (`student_id`) REFERENCES `students` (`student_id`),
  ADD CONSTRAINT `enrollments_ibfk_2` FOREIGN KEY (`CourseID`) REFERENCES `courses` (`CourseID`);

--
-- Constraints for table `submissions`
--
ALTER TABLE `submissions`
  ADD CONSTRAINT `submissions_ibfk_1` FOREIGN KEY (`AssignmentID`) REFERENCES `assignments` (`AssignmentID`),
  ADD CONSTRAINT `submissions_ibfk_2` FOREIGN KEY (`student_id`) REFERENCES `students` (`student_id`);
COMMIT;

/*!40101 SET CHARACTER_SET_CLIENT=@OLD_CHARACTER_SET_CLIENT */;
/*!40101 SET CHARACTER_SET_RESULTS=@OLD_CHARACTER_SET_RESULTS */;
/*!40101 SET COLLATION_CONNECTION=@OLD_COLLATION_CONNECTION */;
